1,Joskata Riding,jriding0,moderator,jriding0@gmail.com
2,Marrilee Sadgrove,msadgrove1,installation,msadgrove1@ning.com
3,Rafi Wildman,rwildman2,interface,rwildman2@pinterest.com
4,Burtie Ferrini,bferrini3,stable,bferrini3@topsy.com
5,Felicia Standish,fstandish4,Robust,fstandish4@scientificamerican.com
6,Sybila Benton,sbenton5,attitude-oriented,sbenton5@angelfire.com
7,Rozalin Livzey,rlivzey6,Reactive,rlivzey6@unesco.org
8,Linn Murrigans,lmurrigans7,core,lmurrigans7@usatoday.com
9,Lauree Vasyutkin,lvasyutkin8,attitude,lvasyutkin8@bbc.co.uk
10,Pepillo Vango,pvango9,Proactive,pvango9@tiny.cc
11,Salome Franchi,sfranchia,protocol,sfranchia@ed.gov
12,Nichol Cattow,ncattowb,Optional,ncattowb@imdb.com
13,Louella Lammie,llammiec,multi-tasking,llammiec@nationalgeographic.com
14,Deloris Rable,drabled,maximized,drabled@statcounter.com
15,Lana Lambertson,llambertsone,secondary,llambertsone@diigo.com
16,Herbie Olivari,holivarif,Fully-configurable,holivarif@rediff.com
17,Milo De Ambrosi,mdeg,grid-enabled,mdeg@indiatimes.com
18,Nonah Parsell,nparsellh,systematic,nparsellh@psu.edu
19,Amaleta Ockendon,aockendoni,non-volatile,aockendoni@blogspot.com
20,Gilbert Brosini,gbrosinij,adapter,gbrosinij@cocolog-nifty.com
21,Lea Luscombe,lluscombek,client-server,lluscombek@ning.com
22,Dion Anstiss,danstissl,explicit,danstissl@t-online.de
23,Yule MacKessock,ymackessockm,Face to face,ymackessockm@sogou.com
24,Elva Golt,egoltn,framework,egoltn@jimdo.com
25,Vida Karpenya,vkarpenyao,discrete,vkarpenyao@behance.net
26,Yankee Savege,ysavegep,implementation,ysavegep@webeden.co.uk
27,Had Batistelli,hbatistelliq,De-engineered,hbatistelliq@aol.com
28,Lucas Kirkbride,lkirkbrider,solution-oriented,lkirkbrider@lulu.com
29,Den Slay,dslays,tangible,dslays@oracle.com
30,Carr Dresse,cdresset,Down-sized,cdresset@abc.net.au
31,Mikol Valentin,mvalentinu,needs-based,mvalentinu@plala.or.jp
32,Tanney Clague,tclaguev,solution-oriented,tclaguev@nba.com
33,Jonathan Rossoni,jrossoniw,Visionary,jrossoniw@1688.com
34,Aigneis Casa,acasax,web-enabled,acasax@wikimedia.org
35,Stanislaw Daverin,sdaveriny,Universal,sdaveriny@a8.net
36,Charlton Medforth,cmedforthz,knowledge base,cmedforthz@xrea.com
37,Vergil Antonias,vantonias10,Synergized,vantonias10@psu.edu
38,Hiram Grioli,hgrioli11,solution-oriented,hgrioli11@yahoo.co.jp
39,Randie Comusso,rcomusso12,challenge,rcomusso12@go.com
40,Daniel Lutwyche,dlutwyche13,Cross-group,dlutwyche13@nbcnews.com
41,Rosette Galea,rgalea14,systemic,rgalea14@ftc.gov
42,Bradly Goley,bgoley15,Multi-tiered,bgoley15@cdbaby.com
43,Urban Zuan,uzuan16,internet solution,uzuan16@admin.ch
44,Timothy Meeron,tmeeron17,homogeneous,tmeeron17@prnewswire.com
45,Malina Diegan,mdiegan18,bi-directional,mdiegan18@wunderground.com
46,Lynnell Woodley,lwoodley19,task-force,lwoodley19@paginegialle.it
47,Baxter Smyth,bsmyth1a,scalable,bsmyth1a@de.vu
48,Kory Maleby,kmaleby1b,eco-centric,kmaleby1b@linkedin.com
49,Stormie Mityukov,smityukov1c,demand-driven,smityukov1c@prnewswire.com
50,Hillard Kemitt,hkemitt1d,mobile,hkemitt1d@w3.org
51,Euphemia Rosenfarb,erosenfarb1e,Mandatory,erosenfarb1e@stanford.edu
52,Annissa Scarff,ascarff1f,software,ascarff1f@wired.com
53,Giselbert Casbourne,gcasbourne1g,mobile,gcasbourne1g@hhs.gov
54,Mickie Wolstenholme,mwolstenholme1h,Re-engineered,mwolstenholme1h@tiny.cc
55,Adriena Hammerich,ahammerich1i,6th generation,ahammerich1i@hexun.com
56,Lyle MacClay,lmacclay1j,projection,lmacclay1j@gov.uk
57,Cornie Armitt,carmitt1k,radical,carmitt1k@timesonline.co.uk
58,Merill Kores,mkores1l,didactic,mkores1l@livejournal.com
59,Reba Mulgrew,rmulgrew1m,definition,rmulgrew1m@angelfire.com
60,Thoma Backshaw,tbackshaw1n,Digitized,tbackshaw1n@nyu.edu
61,Roi Yezafovich,ryezafovich1o,dynamic,ryezafovich1o@statcounter.com
62,Estelle Leipoldt,eleipoldt1p,Assimilated,eleipoldt1p@reddit.com
63,Lanie Karpinski,lkarpinski1q,flexibility,lkarpinski1q@1und1.de
64,Corrinne Marland,cmarland1r,executive,cmarland1r@youku.com
65,Gwendolyn Ashness,gashness1s,global,gashness1s@networkadvertising.org
66,Gregorius McConigal,gmcconigal1t,Inverse,gmcconigal1t@studiopress.com
67,Sheila Baldry,sbaldry1u,bifurcated,sbaldry1u@shinystat.com
68,Ladonna Spoole,lspoole1v,Enhanced,lspoole1v@va.gov
69,Angelina Peat,apeat1w,access,apeat1w@fc2.com
70,Brigg MacGaffey,bmacgaffey1x,data-warehouse,bmacgaffey1x@taobao.com
71,Violante Cust,vcust1y,portal,vcust1y@freewebs.com
72,Moyna Bruhke,mbruhke1z,context-sensitive,mbruhke1z@mediafire.com
73,Theda Stanbury,tstanbury20,software,tstanbury20@mac.com
74,Kandy Metts,kmetts21,Decentralized,kmetts21@sourceforge.net
75,Thorndike Deeks,tdeeks22,Profound,tdeeks22@facebook.com
76,Alleen Simao,asimao23,strategy,asimao23@yellowbook.com
77,Jerrie Kitcatt,jkitcatt24,knowledge user,jkitcatt24@auda.org.au
78,Nicole Woodgate,nwoodgate25,global,nwoodgate25@ucoz.ru
79,Juan Cheevers,jcheevers26,high-level,jcheevers26@amazonaws.com
80,Emlen Gosenell,egosenell27,help-desk,egosenell27@hostgator.com
81,Aymer Code,acode28,structure,acode28@histats.com
82,Terra Abels,tabels29,multi-state,tabels29@home.pl
83,Sissy Matlock,smatlock2a,systematic,smatlock2a@hp.com
84,Remington Padgett,rpadgett2b,hardware,rpadgett2b@yale.edu
85,Joya Bayley,jbayley2c,Progressive,jbayley2c@baidu.com
86,Corri Sterricks,csterricks2d,parallelism,csterricks2d@loc.gov
87,Gerti Beauchamp,gbeauchamp2e,24/7,gbeauchamp2e@samsung.com
88,Virgil Woolgar,vwoolgar2f,instruction set,vwoolgar2f@simplemachines.org
89,Petra Rowen,prowen2g,encoding,prowen2g@bbc.co.uk
90,Ashton Wimes,awimes2h,encompassing,awimes2h@engadget.com
91,Johannah Marquess,jmarquess2i,policy,jmarquess2i@princeton.edu
92,Brett Law,blaw2j,optimizing,blaw2j@bandcamp.com
93,Ingrim Bellchamber,ibellchamber2k,Devolved,ibellchamber2k@ezinearticles.com
94,Evangelia Riddoch,eriddoch2l,open system,eriddoch2l@cdbaby.com
95,Perla Aylett,paylett2m,Horizontal,paylett2m@time.com
96,Audrey McPharlain,amcpharlain2n,Future-proofed,amcpharlain2n@npr.org
97,Roseanne Lighten,rlighten2o,definition,rlighten2o@webs.com
98,Mariele Ferrelli,mferrelli2p,Profit-focused,mferrelli2p@guardian.co.uk
99,Casi Quest,cquest2q,definition,cquest2q@abc.net.au
100,Ilse Baildon,ibaildon2r,scalable,ibaildon2r@pcworld.com